capacidad,precio,fecha,folio,cliente,estado,concepto
"0.5 HP","2125","2026-04-10","S00189","ACUAGRANJAS DOS LAGOS","draft","SERVICIO DE EMBOBINADO DE MOTOR DE 0.5HP Incluye desarm"
"0.5 HP","2700","2026-07-09","S00211","INGENIO PRESIDENTE BENITO JUAREZ","sale","BOBINADO DE MOTOR DE 0.5HP Servicio de mantenimiento co"
"0.75 HP","2700","2026-07-09","S00210","INGENIO PRESIDENTE BENITO JUAREZ","sale","BOBINADO DE MOTOR DE 0.75HP Servicio de mantenimiento c"
"1 HP","2400","2026-01-30","S00031","Embotelladora Mexicana de Bebidas Refrescantes, S. de R.L. de C.V.","sale","MX206816 SER EMBOBINADO MOTOR 1 HP EXT Servicio de rebo"
"1 HP","2700","2026-02-18","S00112","INGENIO PRESIDENTE BENITO JUAREZ","draft","BOBINADO DE MOTOR 1HP Servicio de embobinado a estator "
"1 HP","3200","2026-07-02","S00221","Embotelladora Mexicana de Bebidas Refrescantes","sale","BOBINADO DE MOTOR 1HP Servicio de mantenimiento correct"
"1 HP","3200","2026-05-27","S00226","SERVICIOS FAGO","sale","BOBINADO DE MOTOR 1HP Bobinado de motor de 1hp Marca UR"
"1 HP","3200","2026-02-20","S00134","Impulsora Agrícola, Ganadera y Comercial, S.P.R. de R.L. de C.V.","draft","BOBINADO DE MOTOR 1HP Servicio de mantenimiento correct"
"1 HP","3900","2026-09-01","S00328","VIMIFOS","sale","BOBINADO DE MOTOR 1HP Servicio de mantenimiento correct"
"1 HP","6800","2026-06-08","S00258","Embotelladora Mexicana de Bebidas Refrescantes","draft","EMBOBINADO MOTOR 1HP El embobinado de un motor de 1 HP "
"1.3 HP","2200","2026-08-12","S00330","Embotelladora Mexicana de Bebidas Refrescantes","sale","MX206637Ser embobinado motor 1.3HP cambiar STD"
"1.5 KW","3500","2026-08-26","S00344","INGENIO PRESIDENTE BENITO JUAREZ","draft","BOBINADO DE MOTOR 1.5KW Servicio de embobinado a estato"
"1.5 KW","3500","2026-07-09","S00219","INGENIO PRESIDENTE BENITO JUAREZ","sale","BOBINADO DE MOTOR 1.5KW Servicio de embobinado a estato"
"1.5 HP","5900","2026-05-21","S00238","Fanosa","draft","embobinado motor 1.5 hp Servicio de embobinado a estato"
"2 HP","2700","2026-02-19","S00113","INGENIO PRESIDENTE BENITO JUAREZ","draft","BOBINADO DE MOTOR 2HP Servicio de mantenimiento correct"
"2 HP","3200","2026-05-29","S00232","Ajemex","sale","BOBINADO DE MOTOR 1/2hp Servicio de mantenimiento corre"
"2 HP","3500","2026-02-18","S00110","INGENIO PRESIDENTE BENITO JUAREZ","draft","BOBINADO DE MOTOR 2HP Servicio de embobinado a estator "
"2 HP","3600","2026-02-24","S00142","Embotelladora Mexicana de Bebidas Refrescantes, S. de R.L. de C.V.","draft","MX206819Ser embobinado motor 2 HP cambiar EXT Servicio "
"2 HP","4300","2026-09-01","S00329","VIMIFOS","sale","BOBINADO DE MOTOR 2HP Servicio de mantenimiento correct"
"2 HP","4500","2026-03-21","S00168","VIMIFOS","draft","BOBINADO DE MOTOR 2HP Servicio de mantenimiento correct"
"3 HP","3500","2026-09-03","S00359","Jeymar Hdz","draft","REBOBINADO MOTOR 3 HP 4 POLOS Rebobinado de motor eléct"
"3 HP","3800","2026-05-28","S00246","Embotelladora Mexicana de Bebidas Refrescantes","draft","MX206640Ser embobinado motor 3 HP cambiar STD Servicio "
"3 HP","3800","2026-05-26","S00244","Embotelladora Mexicana de Bebidas Refrescantes","sent","MX206640Ser embobinado motor 3 HP cambiar STD Servicio "
"3 HP","3800","2026-03-10","S00091","Embotelladora Mexicana de Bebidas Refrescantes, S. de R.L. de C.V.","sale","MX206640Ser embobinado motor 3 HP cambiar STD Servicio "
"3 HP","3800","2026-01-06","S00041","Embotelladora Mexicana de Bebidas Refrescantes, S. de R.L. de C.V.","draft","MX206640Ser embobinado motor 3 HP cambiar STD"
"3 HP","4000","2026-02-19","S00114","INGENIO PRESIDENTE BENITO JUAREZ","draft","BOBINADO DE MOTOR 3HP Servicio de mantenimiento correct"
"3 HP","4500","2026-06-05","S00254","PUBLICO GENERAL","draft","BOBINADO DE MOTOR 3HP Servicio de mantenimiento correct"
"3 HP","4500","2026-05-07","S00229","CARLOS ALBERTO CONTRERAS CANTORAL","draft","BOBINADO DE MOTOR 3HP Servicio de embobinado de motor 3"
"3 HP","4500","2026-04-10","S00188","ACUAGRANJAS DOS LAGOS","draft","BOBINADO DE MOTOR 3HP Servicio de mantenimiento correct"
"3 HP","4500","2026-02-19","S00127","INGENIO PRESIDENTE BENITO JUAREZ","draft","BOBINADO DE MOTOREDUCTOR 3HP Servicio de bobinado de mo"
"3 HP","4500","2026-02-19","S00119","Embotelladora Mexicana de Bebidas Refrescantes, S. de R.L. de C.V.","draft","BOBINADO DE MOTOR 3HP Servicio de mantenimiento correct"
"3 HP","4800","2026-02-16","S00101","INGENIO PRESIDENTE BENITO JUAREZ","draft","BOBINADO DE MOTOR 3HP Servicio de bobinado de estator d"
"3 HP","5200","2026-07-25","S00267","Ajemex","sale","BOBINADO DE MOTOR 3HP Servicio de mantenimiento correct"
"3 HP","5300","2026-05-26","S00242","Ajemex","draft","BOBINADO DE MOTOR 3HP Servicio de mantenimiento correct"
"3 HP","5800","2025-12-23","S00032","GRUPO INDUSTRIAL SIMA","sale","BOBINADO DE MOTOR 3HP Servicio de mantenimiento correct"
"3 HP","6000","2026-03-11","S00160","CARLOS ALBERTO CONTRERAS CANTORAL","draft","BOBINADO DE MOTOR 3HP Servicio de mantenimiento correct"
"3 HP","6000","2026-01-30","S00083","GRUPO INDUSTRIAL SIMA","draft","BOBINADO DE MOTOR 3HP Servicio de Bobinado de Motor de "
"3 HP","12300","2026-07-07","S00283","Embotelladora Mexicana de Bebidas Refrescantes","sale","BOBINADO DE MOTOR 3HP Servicio de mantenimiento correct"
"3 HP","18950","2026-01-28","S00078","COMISIÓN ESTATAL DE AGUA Y SANEAMIENTO TABASCO","draft","Reparacion de Bomba de 3 Hp de maquina llenadora Servic"
"4 HP","3200","2026-08-26","S00344","INGENIO PRESIDENTE BENITO JUAREZ","draft","BOBINADO DE MOTOR 3/4 HP Servicio de mantenimiento corr"
"4 HP","3200","2026-06-26","S00151","Ajemex","sale","BOBINADO DE MOTOR 3/4 HP Servicio de mantenimiento corr"
"4 HP","3200","2025-12-06","S00018","Embotelladora Mexicana de Bebidas Refrescantes, S. de R.L. de C.V.","sale","BOBINADO DE MOTOR 3/4 HP Servicio de mantenimiento corr"
"4 HP","5000","2026-02-19","S00115","INGENIO PRESIDENTE BENITO JUAREZ","draft","BOBINADO DE MOTOR 4HP Servicio de mantenimiento correct"
"4 HP","5200","2026-07-30","S00129","Ajemex","sale","BOBINADO DE MOTOR 3/4 HP Servicio de mantenimiento corr"
"5 HP","3800","2026-05-29","S00250","Embotelladora Mexicana de Bebidas Refrescantes","sent","MX206642Ser embobinado motor 5 HP cambiar STD Servicio "
"5 HP","3800","2026-01-08","S00037","Embotelladora Mexicana de Bebidas Refrescantes, S. de R.L. de C.V.","sale","MX206642Ser embobinado motor 5 HP cambiar STD Servicio "
"5 HP","4560","2026-08-22","S00342","Embotelladora Mexicana de Bebidas Refrescantes","draft","MX206823Ser embobinado motor 5 HP cambiar EXT Bobinado "
"5 HP","4560","2026-02-10","S00093","Embotelladora Mexicana de Bebidas Refrescantes, S. de R.L. de C.V.","sale","MX206823Ser embobinado motor 5 HP cambiar EXT Servicios"
"5 HP","4560","2026-01-17","S00062","Embotelladora Mexicana de Bebidas Refrescantes, S. de R.L. de C.V.","draft","MX206823Ser embobinado motor 5 HP cambiar EXT Servicio "
"5 HP","4850","2026-06-13","S00264","Embotelladora Mexicana de Bebidas Refrescantes","sale","Servicio de Bobinado de Motor de 5HP El servicio consta"
"5 HP","5200","2026-09-03","S00358","Jeymar Hdz","draft","REBOBINADO MOTOR 5 HP 4 POLOS Rebobinado de motor de 5 "
"5 HP","5800","2026-02-16","S00102","INGENIO PRESIDENTE BENITO JUAREZ","draft","BOBINADO DE MOTOR 5HP Servicio de embobinado a estator "
"5 HP","6800","2025-12-17","S00022","Embotelladora Mexicana de Bebidas Refrescantes, S. de R.L. de C.V.","sale","BOBINADO DE MOTOR 5HP Servicio de mantenimiento correct"
"5 HP","6800","2025-12-01","S00007","INGENIO PRESIDENTE BENITO JUAREZ","sent","BOBINADO DE MOTOR 5HP Servicio de mantenimiento correct"
"5 HP","7000","2026-07-04","S00269","Ajemex","sale","Embobinado de motor 5 HP Servicio de embobinado de moto"
"5 HP","11500","2026-07-21","S00305","Ajemex","sale","Servicio de Bobinado de Motor de 5HP Consiste en cambio"
"5 HP","17000","2026-01-27","S00033","Grupo Industrial Vértice del Sureste, S.A. de C.V.","sale","BOBINADO DE MOTOR 5HP Servicio de mantenimiento correct"
"7.5 HP","4200","2026-06-13","S00042","Embotelladora Mexicana de Bebidas Refrescantes","sale","MX206643Ser embobinado motor 7.5 HP cambiar STD Servici"
"7.5 HP","4200","2026-03-10","S00092","Embotelladora Mexicana de Bebidas Refrescantes, S. de R.L. de C.V.","sale","MX206643Ser embobinado motor 7.5 HP cambiar STD Servici"
"7.5 HP","6300","2026-01-14","S00057","Embotelladora Mexicana de Bebidas Refrescantes, S. de R.L. de C.V.","draft","MX206824Ser embobinado motor 7.5 HP cambiar EXT Servici"
"7.5 HP","8400","2026-02-19","S00116","INGENIO PRESIDENTE BENITO JUAREZ","draft","BOBINADO DE MOTOR 7.5HP Servicio de mantenimiento corre"
"7.5 HP","9500","2026-07-21","S00313","PUBLICO GENERAL","draft","BOBINADO DE MOTOR 7.5HP Servicio de mantenimiento corre"
"7.5 HP","9500","2026-07-07","S00296","Embotelladora Mexicana de Bebidas Refrescantes","sale","BOBINADO DE MOTOR 7.5HP Serv.Cambio de alambre magneto "
"7.5 HP","9500","2026-06-17","S00268","Ajemex","draft","BOBINADO DE MOTOR 7.5HP Servicio de mantenimiento corre"
"7.5 HP","9500","2026-04-10","S00193","ACUAGRANJAS DOS LAGOS","draft","BOBINADO DE MOTOR 7.5HP Servicio de mantenimiento corre"
"7.5 HP","9500","2026-03-23","S00169","Vimifos, S.A. de C.V.","draft","BOBINADO DE MOTOR 7.5HP Servicio de mantenimiento corre"
"7.5 HP","9500","2026-03-10","S00131","Vimifos, S.A. de C.V.","sale","BOBINADO DE MOTOR 7.5HP Servicio de mantenimiento corre"
"7.5 HP","9500","2026-02-19","S00118","Embotelladora Mexicana de Bebidas Refrescantes, S. de R.L. de C.V.","draft","BOBINADO DE MOTOR 7.5HP Servicio de mantenimiento corre"
"7.5 HP","9500","2026-02-18","S00111","Embotelladora Mexicana de Bebidas Refrescantes, S. de R.L. de C.V.","draft","BOBINADO DE MOTOR 7.5HP Servicio de bobinado en estator"
"7.5 HP","9500","2025-12-01","S00007","INGENIO PRESIDENTE BENITO JUAREZ","sent","BOBINADO DE MOTOR 7.5HP Servicio de mantenimiento corre"
"7.5 HP","15000","2025-12-06","S00016","Embotelladora Mexicana de Bebidas Refrescantes, S. de R.L. de C.V.","sale","BOBINADO DE MOTOR 7.5HP SC Servicio de mantenimiento co"
"10 HP","5000","2026-06-19","S00054","Embotelladora Mexicana de Bebidas Refrescantes","sale","MX206644Ser embobinado motor 10 HP cambiar STD Servicio"
"10 HP","5000","2026-06-13","S00176","Embotelladora Mexicana de Bebidas Refrescantes","sale","MX206644Ser embobinado motor 10 HP cambiar STD Servicio"
"10 HP","5000","2026-02-23","S00140","Embotelladora Mexicana de Bebidas Refrescantes, S. de R.L. de C.V.","draft","MX206644Ser embobinado motor 10 HP cambiar STD Servicio"
"10 HP","5000","2026-02-23","S00139","Embotelladora Mexicana de Bebidas Refrescantes, S. de R.L. de C.V.","draft","MX206644Ser embobinado motor 10 HP cambiar STD Servicio"
"10 HP","5000","2026-02-23","S00137","Embotelladora Mexicana de Bebidas Refrescantes, S. de R.L. de C.V.","draft","MX206644Ser embobinado motor 10 HP cambiar STD Servicio"
"10 HP","5000","2026-02-23","S00136","Embotelladora Mexicana de Bebidas Refrescantes, S. de R.L. de C.V.","draft","MX206644Ser embobinado motor 10 HP cambiar STD Servicio"
"10 HP","8500","2026-09-03","S00357","INYECCION Y SOPLADO DEL SURESTE","sale","BOBINADO DE MOTOR 10HP Servicio de mantenimiento correc"
"10 HP","9800","2026-07-21","S00312","PUBLICO GENERAL","draft","BOBINADO DE MOTOR 10HP Servicio de mantenimiento correc"
"10 HP","9800","2026-02-03","S00088","INGENIO PRESIDENTE BENITO JUAREZ","draft","BOBINADO DE MOTOR 10HP Servicio de mantenimiento correc"
"10 HP","9800","2025-12-01","S00007","INGENIO PRESIDENTE BENITO JUAREZ","sent","BOBINADO DE MOTOR 10HP Servicio de mantenimiento correc"
"10 HP","10000","2026-02-20","S00130","INGENIO PRESIDENTE BENITO JUAREZ","draft","BOBINADO DE MOTOR 10HP Servicio de mantenimiento correc"
"10 HP","10800","2026-02-19","S00117","Embotelladora Mexicana de Bebidas Refrescantes, S. de R.L. de C.V.","draft","BOBINADO DE MOTOR 10HP Servicio de bobinado en estator "
"10 HP","15700","2026-09-03","S00253","Embotelladora Mexicana de Bebidas Refrescantes","sale","MX206644Ser embobinado motor 10 HP cambiar STD Servicio"
"10 HP","16600","2026-07-06","S00294","ROBERTO FAUSTO TAJOLLA","draft","BOBINADO DE MOTOR 10HP Servicio de mantenimiento correc"
"10 HP","16600","2026-06-26","S00277","ROBERTO FAUSTO TAJOLLA","draft","BOBINADO DE MOTOR 10HP Servicio de mantenimiento correc"
"11.3 HP","7000","2026-08-31","S00339","Embotelladora Mexicana de Bebidas Refrescantes","sale","MX206996Ser embobinado motor 11.3 HP cambiar STD Limpie"
"15 HP","8700","2026-05-28","S00230","Embotelladora Mexicana de Bebidas Refrescantes","sale","MX206646Ser embobinado motor 15 HP cambiar STD Embobina"
"15 HP","13050","2026-08-12","S00164","Embotelladora Mexicana de Bebidas Refrescantes","sale","MX206827Ser embobinado motor 15 HP cambiar EXT Servicio"
"15 HP","13050","2026-03-28","S00096","Embotelladora Mexicana de Bebidas Refrescantes, S. de R.L. de C.V.","sale","MX206827Ser embobinado motor 15 HP cambiar EXT Servicio"
"15 HP","15500","2026-02-19","S00120","INGENIO PRESIDENTE BENITO JUAREZ","draft","BOBINADO DE MOTOR 15HP Servicio de mantenimiento correc"
"15 HP","25500","2026-01-27","S00033","Grupo Industrial Vértice del Sureste, S.A. de C.V.","sale","BOBINADO DE MOTOR 15HP Servicio de mantenimiento correc"
"20 HP","9500","2026-03-28","S00089","Embotelladora Mexicana de Bebidas Refrescantes, S. de R.L. de C.V.","sale","MX206998Ser embobinado motor 20 HP cambiar STD Servicio"
"20 HP","18000","2026-04-10","S00192","ACUAGRANJAS DOS LAGOS","draft","BOBINADO DE MOTOR 20HP Servicio de mantenimiento correc"
"20 HP","18000","2026-03-14","S00162","INGENIO PRESIDENTE BENITO JUAREZ","draft","BOBINADO DE MOTOR 20HP Servicio de mantenimiento correc"
"20 HP","18000","2026-02-19","S00121","INGENIO PRESIDENTE BENITO JUAREZ","draft","BOBINADO DE MOTOR 20HP Servicio de mantenimiento correc"
"20 HP","35500","2026-01-27","S00033","Grupo Industrial Vértice del Sureste, S.A. de C.V.","sale","BOBINADO DE MOTOR 20HP Servicio de mantenimiento correc"
"22.5 KW","35000","2025-12-01","S00008","INGENIO PRESIDENTE BENITO JUAREZ","sent","BOBINADO DE MOTOR 22.5KW Servicio de mantenimiento corr"
"25 HP","0","2026-05-28","S00231","Embotelladora Mexicana de Bebidas Refrescantes","sale","MX206647Ser embobinado motor 25 HP cambiar STD"
"25 HP","6000","2026-02-20","S00133","Ajemex","draft","Elaboracion y diseño de diagrama para rebobinado de mot"
"25 HP","13000","2026-05-28","S00231","Embotelladora Mexicana de Bebidas Refrescantes","sale","MX206647Ser embobinado motor 25 HP cambiar STD Servicio"
"25 HP","13000","2026-03-10","S00090","Embotelladora Mexicana de Bebidas Refrescantes, S. de R.L. de C.V.","sale","MX206647Ser embobinado motor 25 HP cambiar STD Servicio"
"25 HP","18000","2026-04-10","S00191","ACUAGRANJAS DOS LAGOS","draft","BOBINADO DE MOTOR 25HP Servicio de mantenimiento correc"
"25 HP","18000","2026-02-20","S00133","Ajemex","draft","BOBINADO DE MOTOR 25HP Servicio de mantenimiento correc"
"25 HP","18000","2026-02-19","S00122","INGENIO PRESIDENTE BENITO JUAREZ","draft","BOBINADO DE MOTOR 25HP Servicio de mantenimiento correc"
"25 HP","19800","2026-06-23","S00271","INGENIO PRESIDENTE BENITO JUAREZ","draft","BOBINADO DE MOTOR 25HP Servicio de mantenimiento correc"
"25 KW","39600","2026-06-10","S00260","INGENIO PRESIDENTE BENITO JUAREZ","draft","BOBINADO DE MOTOR DE 25 KW Servicio de mantenimiento Co"
"30 HP","17000","2026-02-23","S00135","Embotelladora Mexicana de Bebidas Refrescantes","draft","MX206999Ser embobinado motor 30 HP cambiar STD Servicio"
"30 HP","20400","2026-06-03","S00239","Embotelladora Mexicana de Bebidas Refrescantes","sale","MX207079Ser embobinado motor 30 HP cambiar EXT Servicio"
"30 HP","22000","2025-12-01","S00008","INGENIO PRESIDENTE BENITO JUAREZ","sent","REBOBINADO DE ELECTRO FRENO MOTOR 30HP Rebobinado de El"
"30 HP","23000","2026-07-09","S00217","INGENIO PRESIDENTE BENITO JUAREZ","sale","BOBINADO DE MOTOR 30HP Servicio de mantenimiento correc"
"30 HP","23000","2026-07-09","S00208","INGENIO PRESIDENTE BENITO JUAREZ","sale","BOBINADO DE MOTOR 30HP Servicio de mantenimiento correc"
"30 HP","23000","2026-02-19","S00123","INGENIO PRESIDENTE BENITO JUAREZ","draft","BOBINADO DE MOTOR 30HP Servicio de mantenimiento correc"
"30 HP","23500","2026-06-08","S00257","INGENIO PRESIDENTE BENITO JUAREZ","draft","BOBINADO DE MOTOR 30HP Servicio de mantenimiento correc"
"30 HP","23500","2026-05-27","S00226","SERVICIOS FAGO","sale","BOBINADO DE MOTOR 30HP Servicio de mantenimiento correc"
"30 HP","23500","2026-04-13","S00196","SERVICIOS FAGO","draft","BOBINADO DE MOTOR 30HP Servicio de mantenimiento correc"
"30 HP","23500","2025-12-01","S00007","INGENIO PRESIDENTE BENITO JUAREZ","sent","BOBINADO DE MOTOR 30HP Servicio de mantenimiento correc"
"30 KW","31000","2026-07-03","S00290","INGENIO PRESIDENTE BENITO JUAREZ","sale","BOBINADO DE MOTOR 30KW Servicio de mantenimiento correc"
"30 KW","31000","2026-04-25","S00214","INGENIO PRESIDENTE BENITO JUAREZ","draft","BOBINADO DE MOTOR 30KW Servicio de mantenimiento correc"
"35 KW","1","2026-05-29","S00248","TRIMAG MAQUINARIA Y SUMINISTRO INDUSTRIAL","sale","Bobinado de generador 35kw Servicio de rebobinado de un"
"35 KW","14832","2026-06-29","S00225","TRIMAG MAQUINARIA Y SUMINISTRO INDUSTRIAL","sale","Bobinado de generador 35kw Servicio de rebobinado de un"
"36 KVA","25000","2026-04-06","S00184","TRIMAG MAQUINARIA Y SUMINISTRO INDUSTRIAL","draft","SERVICIO DE BOBINADO DE MOTOR MARCA KOHLER 36 KVA Servi"
"40 HP","28500","2026-09-03","S00360","Jeymar Hdz","draft","REBOBINADO MOTOR 40 HP 4 POLOS Rebobinado de motor eléc"
"40 HP","28500","2026-02-19","S00124","INGENIO PRESIDENTE BENITO JUAREZ","draft","BOBINADO DE MOTOR 40 HP Servicio de mantenimiento corre"
"50 HP","28800","2026-01-06","S00043","Ing.Lopez","draft","MX207392Ser embobinado motor 50 HP cambiar EXT Servicio"
"50 HP","32500","2026-06-03","S00252","Vimifos, S.A. de C.V.","draft","BOBINADO DE MOTOR 50 HP Bobinado de Motor de 50HP 3200 "
"50 HP","36000","2026-07-09","S00218","INGENIO PRESIDENTE BENITO JUAREZ","sale","BOBINADO DE MOTOR 50 HP Desmontaje, identificación de f"
"50 HP","36000","2026-07-03","S00290","INGENIO PRESIDENTE BENITO JUAREZ","sale","BOBINADO DE MOTOR 50 HP Desmontaje, identificación de f"
"50 HP","36000","2026-04-25","S00216","INGENIO PRESIDENTE BENITO JUAREZ","draft","BOBINADO DE MOTOR 50 HP Desmontaje, identificación de f"
"50 HP","36000","2026-04-10","S00190","ACUAGRANJAS DOS LAGOS","draft","BOBINADO DE MOTOR 50 HP Desmontaje, identificación de f"
"50 HP","36000","2026-02-18","S00108","INGENIO PRESIDENTE BENITO JUAREZ","draft","BOBINADO DE MOTOR 50 HP Desmontaje, identificación de f"
"50 HP","49500","2026-02-16","S00105","INGENIO PRESIDENTE BENITO JUAREZ","draft","BOBINADO DE MOTOR 50 HP"
"50 HP","50000","2026-07-09","S00207","INGENIO PRESIDENTE BENITO JUAREZ","sale","BOBINADO DE MOTOR 50HP Servicio de bobinado en estator "
"60 HP","50000","2026-03-14","S00163","INGENIO PRESIDENTE BENITO JUAREZ","draft","BOBINADO DE MOTOR 60HP Servicio de bobinado en estator "
"60 HP","50000","2026-02-19","S00125","INGENIO PRESIDENTE BENITO JUAREZ","draft","BOBINADO DE MOTOR 60HP Servicio de bobinado en estator "
"75 HP","2160","2026-01-30","S00059","Embotelladora Mexicana de Bebidas Refrescantes, S. de R.L. de C.V.","sale","MX207075Ser embobinado motor .75 HP cambiar EXT Servici"
"75 KW","3800","2026-03-04","S00132","INGENIO PRESIDENTE BENITO JUAREZ","sale","BOBINADO DE MOTOR .75KW Servicio de embobinado en estat"
"75 KW","23400","2026-01-27","S00033","Grupo Industrial Vértice del Sureste, S.A. de C.V.","sale","BOBINADO DE MOTOR .75KW Servicio de mantenimiento corre"
"75 HP","56500","2026-06-22","S00270","INGENIO PRESIDENTE BENITO JUAREZ","draft","BOBINADO DE MOTOR 75HP Servicio de bobinado en estator "
"75 HP","60000","2026-04-25","S00213","INGENIO PRESIDENTE BENITO JUAREZ","draft","BOBINADO DE MOTOR 75HP Servicio de bobinado en estator "
"75 HP","60000","2026-02-19","S00126","INGENIO PRESIDENTE BENITO JUAREZ","draft","BOBINADO DE MOTOR 75HP Servicio de bobinado en estator "
"100 HP","70000","2026-04-18","S00201","Grupo Industrial Vértice del Sureste, S.A. de C.V.","draft","REBOBINADO DE MOTOR 100HP Servicio de Rebobinado de Mot"
"100 HP","70000","2026-02-20","S00128","INGENIO PRESIDENTE BENITO JUAREZ","draft","REBOBINADO DE MOTOR 100HP Servicio de Rebobinado de Mot"
"100 HP","78000","2026-08-04","S00202","INGENIO PRESIDENTE BENITO JUAREZ","sale","REBOBINADO DE MOTOR 100HP Servicio de Rebobinado de Mot"
"100 HP","78000","2026-07-09","S00209","INGENIO PRESIDENTE BENITO JUAREZ","sale","REBOBINADO DE MOTOR 100HP Servicio de Rebobinado de Mot"
"100 HP","78000","2026-07-03","S00290","INGENIO PRESIDENTE BENITO JUAREZ","sale","REBOBINADO DE MOTOR 100HP Servicio de Rebobinado de Mot"
"100 HP","78000","2026-04-25","S00215","INGENIO PRESIDENTE BENITO JUAREZ","draft","REBOBINADO DE MOTOR 100HP Servicio de Rebobinado de Mot"
"100 HP","85456.5","2026-03-04","S00099","INGENIO PRESIDENTE BENITO JUAREZ","sale","EMBOBINADO DE MOTOR DE 100 HP Reparación de motor de 10"
"125 HP","95000","2026-07-08","S00297","INGENIO PRESIDENTE BENITO JUAREZ","draft","REBOBINADO DE MOTOR 125HP Servicio de Rebobinado de Mot"
"125 HP","95000","2026-07-07","S00212","INGENIO PRESIDENTE BENITO JUAREZ","sale","REBOBINADO DE MOTOR 125HP Servicio de Rebobinado de Mot"
"200 HP","98000","2026-06-23","S00272","INGENIO PRESIDENTE BENITO JUAREZ","draft","BOBINADO DE MOTOR 200HP Servicio de bobinado en estator"
"200 KW","256000","2026-01-02","S00027","Grupo Industrial Vértice del Sureste, S.A. de C.V.","sale","REBOBINADO DE MOTOR 200KW Servicio de Rebobinado de Mot"
"300 KW","135000","2026-08-01","S00322","VIMIFOS","sale","EMBOBINADO DE MOTOR WEG 300KW Servicio de embobinado de"
"300 KW","135000","2026-07-28","S00295","VIMIFOS","sale","EMBOBINADO DE MOTOR WEG 300KW Servicio de embobinado de"
"?","0","2026-01-17","S00062","Embotelladora Mexicana de Bebidas Refrescantes, S. de R.L. de C.V.","draft","motor soplador del túnel de línea 5 para servicio de em"
"?","0","2026-01-06","S00041","Embotelladora Mexicana de Bebidas Refrescantes, S. de R.L. de C.V.","draft","REBOBINADO DE ELECTRO FRENO DE SERVO MOTOR Rebobinado d"